tracking,quoted,applicable
D420352470001752666001,61.80,61.80
1ZV56D26DK27263612,108.66,108.66
D556276790000029076001,71.08,71.08
520331991965,38.74,38.74
D420352470001835662001,39.52,0.00
D420352470001836227001,39.52,39.52
D556276790000032996001,89.12,89.12
D420352470001836731001,118.72,118.72
1ZV56D26DK07619589,160.80,160.80
1ZV56D26DK36986995,166.00,166.00
D556276790000035134001,66.05,66.05
1ZV56D26DK12089222,144.45,144.45
1ZV56D26DK00652359,144.74,144.74
1ZV56D26DK22305246,128.23,128.23
D420352470001907597001,125.76,125.76
1ZV56D26DK06672193,141.33,141.33
1ZV56D26DK37674810,128.49,128.49
1ZV56D26DK38341918,138.09,138.09
1ZV56D26DK10390006,138.09,138.09
1ZV56D26DK34720248,166.68,166.68
1ZV56D26DK37979134,128.49,128.49
1ZV56D26DK37424349,166.68,166.68
1ZV56D26DK37984360,123.90,123.90
1ZV56D26DK01309291,141.33,141.33
1ZV56D26DK36337632,128.49,128.49
1ZV56D26DK09789697,138.09,138.09
1ZV56D26DK26329419,128.66,128.66
D556276790000041560001,95.91,95.91
D556276790000042110001,95.91,95.91
1ZV56D26DK34315829,144.69,144.69
D556276790000042526001,132.95,132.95
1ZV56D26DK21357951,135.34,135.34
D420352470001982720001,39.32,39.32
D420352470001987399001,40.67,40.67
1ZV56D262028313910,17.74,17.74
D420352470001907601001,67.90,90.37
1ZV56D26DK14619146,164.08,164.08
D556276790000050341001,95.91,95.91
D420352470002041843001,52.07,52.07
1ZV56D26DK11403428,133.92,133.92
1ZV56D26DK14798686,151.18,151.18
D420352470001790865001,55.29,78.50
1ZV56D26DK27199513,173.75,173.75
1ZV56D26DK29721088,173.75,173.75
1ZV56D26DK05649023,129.14,129.14
1ZV56D26DK16952184,39.14,0.00
D420352470002068424001,79.47,79.47
D420352470002068541001,58.26,58.26
P37735106,57.22,57.22
1ZV56D26DK28454217,165.06,165.06
1ZV56D26DK23565348,147.02,147.02
1ZV56D26DK34873208,164.74,164.74
D420352470002085661001,75.33,75.33
D420352470002085682001,75.33,75.33
D420352470002085685001,75.33,75.33
1ZV56D26DK08381913,173.40,173.40
D420352470002097239001,62.25,62.25
D420352470002097303001,65.19,65.19
D420352470002097396001,58.00,58.00
D420352470002097455001,76.15,76.15
1ZV56D26DK06071912,147.02,147.02
1ZV56D26DK01600144,173.40,173.40
1ZV56D26DK27324976,173.40,173.40
380792884537,274.24,0.00
D420352470001966966001,131.17,164.09
1ZV56D26DK15268701,172.70,172.70
1ZV56D26DK37612056,176.55,176.55
P39592744,55.69,55.69
D420352470002114866001,81.57,0.00
1ZV56D26DK24132858,143.08,143.08
1ZV56D26DK08527015,164.08,0.00
D420352470002120529001,73.67,73.67
D420352470002125876001,71.06,71.06
1ZV56D26DK01027425,195.44,195.44
D420352470002152685001,94.67,94.67
D420352470002152690001,77.31,77.31
1ZV56D26DK25313599,138.26,145.85
D420352470002068479001,79.47,105.54
1ZV56D266821266216,34.06,45.54
D420352470002076738001,91.86,121.43
1ZV56D26DK23942494,141.51,149.44
1ZV56D26DK18155292,132.37,139.80
D420352470002076809001,75.49,104.94
1ZV56D266807745216,34.06,45.54
1ZV56D266825626892,39.76,51.24
1ZV56D26DK34362984,140.75,143.72
1ZV56D26DK15048887,37.92,40.76
1ZV56D26DK12450474,151.18,164.64
1ZV56D26DK04334507,141.51,149.44
1ZV56D26DK28560325,166.85,176.37
1ZV56D26DG25936156,210.51,221.10
1ZV56D26DK06425441,137.81,154.76
D420352470002159802001,85.61,0.00
D420352470002159939001,85.61,85.61
1ZV56D26DK05093883,161.11,161.11
1ZV56D26DK02627829,164.08,0.00
1ZV56D26DK22933728,186.82,186.82
1ZV56D26DK01783984,155.86,155.86
D420352470002162287001,82.33,82.33
P41306650,72.12,72.12
D420352470002162444001,95.58,95.58
1ZV56D26DK28952090,193.04,193.04
1ZV56D26DK39199625,193.04,193.04
1ZV56D26DK01808322,193.04,193.04
1ZV56D26DK19515990,174.63,174.63
D420352470002189622001,56.42,0.00
1ZV56D26DK32410158,164.08,167.64
1ZV56D26DK33787536,143.08,151.87
1ZV56D26DK20387957,167.97,184.92
1ZV56D26DK15573774,143.64,146.57
1ZV56D26DK24870631,167.30,170.14
D420352470002097263001,58.00,85.90
D420352470002203169001,108.81,108.81
D420352470002203201001,93.38,93.38
1Z6VR107DK00462837,153.54,153.54
1ZV56D26DG10597283,322.42,322.42
1ZV56D26DK14046390,174.63,174.63
D420352470002219217001,107.04,107.04
D420352470002220202001,61.44,61.44
D420352470002230162001,67.85,67.85
D420352470002114871001,87.09,111.96
D420352470002240027001,95.23,95.23
D556276790000083272001,113.31,113.31
D420352470002240263001,81.70,81.70
1Z6VR107DK20284313,165.67,165.67
D420352470002259328001,76.90,76.90
380792932360,274.24,277.38
1ZV56D26DK19399090,155.86,160.96
1ZV56D26DK26720389,169.17,175.44
1ZV56D26DK17325378,190.67,194.24
1ZV56D26DK08161508,202.00,202.00
D420352470002273178001,76.90,76.90
1ZV56D262027006405,21.71,21.71
P45694014,72.14,72.14
872813954420,44.71,44.71
1ZV56D266821357038,53.08,53.08
1ZV56D266805380686,52.45,52.45
P46133043,23.28,23.28
1ZV56D26DK26566350,204.27,208.41
1ZV56D26DK11111494,173.40,400.92
1ZV56D26DK39171458,128.49,137.00
1ZV56D26DK16622254,198.83,213.72
D420352470002314164001,96.10,96.10
1ZV56D26DK01472284,179.75,179.75
1ZV56D26DK00304403,178.12,178.12
1ZV56D26DK09902027,61.20,61.20
D420352470002333746001,66.41,0.00
1ZV56D26DK31066783,222.23,230.54
1ZV56D26DK29079185,225.88,234.19
1ZV56D26DK11938664,222.23,247.49
1ZV56D26DK16562720,244.29,252.60
1ZV56D26DK20393593,160.54,160.54
1ZV56D266808807282,53.34,53.34
D420352470002353211001,69.18,0.00
872814942320,41.79,44.27
1ZV56D262033360323,111.41,111.41
1ZV56D26DK19772971,174.30,176.76
1ZV56D26DK15166393,174.30,176.76
1ZV56D26DK25037334,174.30,176.76
D420352470002203104001,92.65,94.19
1ZV56D266804191472,57.64,57.64
D420352470002509583001,57.26,57.26
P55143782,46.86,46.86
D420352470002540307001,33.85,33.85
1ZV56D26DK26632644,195.44,212.39
P56694433,54.45,54.45
P56697255,49.71,49.71
D420352470002509609001,57.26,59.79
P55168794,44.74,56.31
